Time [s],Channel 0,Channel 1,Channel 2,Channel 3,Channel 4,Channel 5,Channel 6,Channel 7
0.000000000,0,0,0,0,1,1,0,0
3.996076000,1,1,0,0,1,1,0,0
3.996102000,0,0,0,0,1,1,0,0
3.996258000,1,0,0,0,1,1,0,0
3.996259000,1,1,0,0,1,1,0,0
3.996310000,1,0,0,0,1,1,0,0
3.996311000,0,0,0,0,1,1,0,0
3.996363000,1,1,0,0,1,1,0,0
3.996389000,0,0,0,0,1,1,0,0
3.996441000,1,1,0,0,1,1,0,0
3.996597000,0,0,0,0,1,1,0,0
3.996650000,1,1,0,0,1,1,0,0
3.996702000,0,0,0,0,1,1,0,0
3.996728000,1,1,0,0,1,1,0,0
3.996780000,0,0,0,0,1,1,0,0
3.996806000,1,1,0,0,1,1,0,0
3.996884000,0,0,0,0,1,1,0,0
3.996937000,1,1,0,0,1,1,0,0
3.997171000,0,0,0,0,1,1,0,0
3.997223000,1,0,0,0,1,1,0,0
3.997224000,1,1,0,0,1,1,0,0
3.997458000,0,0,0,0,1,1,0,0
3.997510000,1,1,0,0,1,1,0,0
3.997536000,0,0,0,0,1,1,0,0
3.997562000,1,1,0,0,1,1,0,0
3.997744000,0,0,0,0,1,1,0,0
3.997797000,1,1,0,0,1,1,0,0
3.997823000,0,0,0,0,1,1,0,0
3.997849000,1,1,0,0,1,1,0,0
3.997875000,0,0,0,0,1,1,0,0
3.997901000,1,1,0,0,1,1,0,0
3.998005000,0,0,0,0,1,1,0,0
3.998084000,1,1,0,0,1,1,0,0
3.998162000,0,0,0,0,1,1,0,0
3.998214000,1,1,0,0,1,1,0,0
3.998240000,0,0,0,0,1,1,0,0
3.998266000,1,1,0,0,1,1,0,0
3.998292000,0,0,0,0,1,1,0,0
4.000463000,0,0,1,1,1,1,1,1
4.000464000,0,1,1,1,1,1,1,1
4.000489000,0,0,0,0,1,1,1,0
4.000490000,0,0,0,0,1,1,0,0
4.000645000,0,0,0,1,1,1,0,0
4.000646000,0,1,1,1,1,1,1,1
4.000697000,0,0,1,1,1,1,1,1
4.000698000,0,0,0,0,1,1,0,0
4.000724000,0,1,1,1,1,1,1,1
4.000749000,0,0,1,1,1,1,1,1
4.000750000,0,0,0,0,1,1,1,0
4.000751000,0,0,0,0,1,1,0,0
4.000802000,0,1,1,1,1,1,1,1
4.000958000,0,0,1,0,1,1,1,1
4.000959000,0,0,0,0,1,1,0,0
4.000984000,0,0,0,1,1,1,0,0
4.000985000,0,1,1,1,1,1,1,1
4.001036000,0,0,1,0,1,1,1,1
4.001037000,0,0,0,0,1,1,0,0
4.001063000,0,1,1,1,1,1,1,1
4.001219000,0,0,0,0,1,1,1,0
4.001220000,0,0,0,0,1,1,0,0
4.001245000,0,0,0,1,1,1,1,0
4.001246000,0,1,1,1,1,1,1,1
4.001401000,0,0,1,1,1,1,1,1
4.001402000,0,0,0,0,1,1,1,0
4.001403000,0,0,0,0,1,1,0,0
4.001454000,0,1,1,1,1,1,1,1
4.001480000,0,0,0,0,1,1,1,0
4.001481000,0,0,0,0,1,1,0,0
4.001506000,0,0,1,1,1,1,1,1
4.001507000,0,1,1,1,1,1,1,1
4.001688000,0,0,1,0,1,1,1,1
4.001689000,0,0,0,0,1,1,0,0
4.001767000,0,1,1,1,1,1,1,1
4.001792000,0,0,1,1,1,1,1,1
4.001793000,0,0,0,0,1,1,1,0
4.001794000,0,0,0,0,1,1,0,0
4.001819000,0,1,1,1,1,1,1,1
4.001871000,0,0,0,0,1,1,1,0
4.001872000,0,0,0,0,1,1,0,0
4.001949000,0,0,0,1,1,1,0,0
4.001950000,0,1,1,1,1,1,1,1
4.001975000,0,0,1,0,1,1,1,1
4.001976000,0,0,0,0,1,1,0,0
4.002027000,0,0,0,1,1,1,0,0
4.002028000,0,1,1,1,1,1,1,1
4.002053000,0,0,1,0,1,1,1,1
4.002054000,0,0,0,0,1,1,0,0
4.002080000,0,1,1,1,1,1,1,1
4.002158000,0,0,0,0,1,1,1,0
4.002159000,0,0,0,0,1,1,0,0
4.002184000,0,1,1,1,1,1,1,1
4.002210000,0,0,0,0,1,1,1,0
4.002211000,0,0,0,0,1,1,0,0
4.197675000,1,1,0,0,1,1,0,0
4.197701000,0,0,0,0,1,1,0,0
4.197857000,1,1,0,0,1,1,0,0
4.197909000,0,0,0,0,1,1,0,0
4.197962000,1,1,0,0,1,1,0,0
4.197988000,0,0,0,0,1,1,0,0
4.198040000,1,1,0,0,1,1,0,0
4.198196000,0,0,0,0,1,1,0,0
4.198248000,1,0,0,0,1,1,0,0
4.198249000,1,1,0,0,1,1,0,0
4.198300000,1,0,0,0,1,1,0,0
4.198301000,0,0,0,0,1,1,0,0
4.198326000,1,0,0,0,1,1,0,0
4.198327000,1,1,0,0,1,1,0,0
4.198379000,0,0,0,0,1,1,0,0
4.198404000,1,0,0,0,1,1,0,0
4.198405000,1,1,0,0,1,1,0,0
4.198483000,0,0,0,0,1,1,0,0
4.198535000,1,1,0,0,1,1,0,0
4.198561000,0,0,0,0,1,1,0,0
4.198587000,1,1,0,0,1,1,0,0
4.198769000,0,0,0,0,1,1,0,0
4.198822000,1,1,0,0,1,1,0,0
4.199056000,0,0,0,0,1,1,0,0
4.199108000,1,0,0,0,1,1,0,0
4.199109000,1,1,0,0,1,1,0,0
4.199134000,0,0,0,0,1,1,0,0
4.199160000,1,0,0,0,1,1,0,0
4.199161000,1,1,0,0,1,1,0,0
4.199343000,0,0,0,0,1,1,0,0
4.199395000,1,1,0,0,1,1,0,0
4.199473000,0,0,0,0,1,1,0,0
4.199499000,1,0,0,0,1,1,0,0
4.199500000,1,1,0,0,1,1,0,0
4.199525000,0,0,0,0,1,1,0,0
4.199551000,1,0,0,0,1,1,0,0
4.199552000,1,1,0,0,1,1,0,0
4.199577000,0,0,0,0,1,1,0,0
4.199682000,1,1,0,0,1,1,0,0
4.199760000,0,0,0,0,1,1,0,0
4.199812000,1,1,0,0,1,1,0,0
4.199838000,0,0,0,0,1,1,0,0
4.199890000,1,1,0,0,1,1,0,0
4.199916000,0,0,0,0,1,1,0,0
4.202116000,0,1,1,1,1,1,1,1
4.202142000,0,0,0,0,1,1,1,0
4.202143000,0,0,0,0,1,1,0,0
4.202298000,0,0,0,1,1,1,0,0
4.202299000,0,1,1,1,1,1,1,1
4.202350000,0,0,1,0,1,1,1,1
4.202351000,0,0,0,0,1,1,0,0
4.202377000,0,1,1,1,1,1,1,1
4.202402000,0,0,1,1,1,1,1,1
4.202403000,0,0,0,0,1,1,1,0
4.202404000,0,0,0,0,1,1,0,0
4.202455000,0,1,1,1,1,1,1,1
4.202611000,0,0,0,0,1,1,1,0
4.202612000,0,0,0,0,1,1,0,0
4.202637000,0,0,0,1,1,1,0,0
4.202638000,0,1,1,1,1,1,1,1
4.202689000,0,0,1,0,1,1,1,1
4.202690000,0,0,0,0,1,1,0,0
4.202716000,0,1,1,1,1,1,1,1
4.202872000,0,0,0,0,1,1,1,0
4.202873000,0,0,0,0,1,1,0,0
4.202898000,0,0,1,1,1,1,1,1
4.202899000,0,1,1,1,1,1,1,1
4.203054000,0,0,1,0,1,1,1,1
4.203055000,0,0,0,0,1,1,0,0
4.203107000,0,1,1,1,1,1,1,1
4.203132000,0,0,1,0,1,1,1,1
4.203133000,0,0,0,0,1,1,0,0
4.203159000,0,1,1,1,1,1,1,1
4.203341000,0,0,0,0,1,1,1,0
4.203342000,0,0,0,0,1,1,0,0
4.203419000,0,0,0,1,1,1,0,0
4.203420000,0,1,1,1,1,1,1,1
4.203445000,0,0,1,0,1,1,1,1
4.203446000,0,0,0,0,1,1,0,0
4.203471000,0,0,0,1,1,1,0,0
4.203472000,0,1,1,1,1,1,1,1
4.203523000,0,0,1,0,1,1,1,1
4.203524000,0,0,0,0,1,1,0,0
4.203602000,0,1,1,1,1,1,1,1
4.203628000,0,0,0,0,1,1,1,0
4.203629000,0,0,0,0,1,1,0,0
4.203680000,0,0,1,1,1,1,1,1
4.203681000,0,1,1,1,1,1,1,1
4.203706000,0,0,0,0,1,1,1,0
4.203707000,0,0,0,0,1,1,0,0
4.203732000,0,0,0,1,1,1,1,0
4.203733000,0,1,1,1,1,1,1,1
4.203810000,0,0,0,0,1,1,1,0
4.203811000,0,0,0,0,1,1,0,0
4.203836000,0,0,0,1,1,1,0,0
4.203837000,0,1,1,1,1,1,1,1
4.203862000,0,0,1,0,1,1,1,1
4.203863000,0,0,0,0,1,1,0,0
4.398114000,1,1,0,0,1,1,0,0
4.398140000,0,0,0,0,1,1,0,0
4.398296000,1,1,0,0,1,1,0,0
4.398348000,0,0,0,0,1,1,0,0
4.398400000,1,0,0,0,1,1,0,0
4.398401000,1,1,0,0,1,1,0,0
4.398427000,0,0,0,0,1,1,0,0
4.398478000,1,0,0,0,1,1,0,0
4.398479000,1,1,0,0,1,1,0,0
4.398635000,0,0,0,0,1,1,0,0
4.398687000,1,1,0,0,1,1,0,0
4.398739000,0,0,0,0,1,1,0,0
4.398765000,1,0,0,0,1,1,0,0
4.398766000,1,1,0,0,1,1,0,0
4.398817000,0,0,0,0,1,1,0,0
4.398843000,1,0,0,0,1,1,0,0
4.398844000,1,1,0,0,1,1,0,0
4.398922000,0,0,0,0,1,1,0,0
4.398974000,1,1,0,0,1,1,0,0
4.399026000,0,0,0,0,1,1,0,0
4.399052000,1,1,0,0,1,1,0,0
4.399208000,0,0,0,0,1,1,0,0
4.399261000,1,1,0,0,1,1,0,0
4.399495000,0,0,0,0,1,1,0,0
4.399548000,1,1,0,0,1,1,0,0
4.399574000,0,0,0,0,1,1,0,0
4.399600000,1,1,0,0,1,1,0,0
4.399782000,0,0,0,0,1,1,0,0
4.399834000,1,0,0,0,1,1,0,0
4.399835000,1,1,0,0,1,1,0,0
4.399912000,0,0,0,0,1,1,0,0
4.399938000,1,0,0,0,1,1,0,0
4.399939000,1,1,0,0,1,1,0,0
4.399991000,0,0,0,0,1,1,0,0
4.400017000,1,1,0,0,1,1,0,0
4.400069000,0,0,0,0,1,1,0,0
4.400121000,1,1,0,0,1,1,0,0
4.400199000,0,0,0,0,1,1,0,0
4.400251000,1,0,0,0,1,1,0,0
4.400252000,1,1,0,0,1,1,0,0
4.400277000,0,0,0,0,1,1,0,0
4.400329000,1,0,0,0,1,1,0,0
4.400330000,1,1,0,0,1,1,0,0
4.400356000,0,0,0,0,1,1,0,0
4.402756000,0,0,0,1,1,1,0,0
4.402757000,0,1,1,1,1,1,1,1
4.402782000,0,0,1,0,1,1,1,1
4.402783000,0,0,0,0,1,1,0,0
4.402939000,0,1,1,1,1,1,1,1
4.402991000,0,0,0,0,1,1,1,0
4.402992000,0,0,0,0,1,1,0,0
4.403017000,0,0,0,1,1,1,1,0
4.403018000,0,1,1,1,1,1,1,1
4.403043000,0,0,0,0,1,1,1,0
4.403044000,0,0,0,0,1,1,0,0
4.403095000,0,0,0,1,1,1,0,0
4.403096000,0,1,1,1,1,1,1,1
4.403251000,0,0,1,1,1,1,1,1
4.403252000,0,0,0,0,1,1,1,0
4.403253000,0,0,0,0,1,1,0,0
4.403278000,0,1,1,1,1,1,1,1
4.403330000,0,0,0,0,1,1,1,0
4.403331000,0,0,0,0,1,1,0,0
4.403356000,0,0,0,1,1,1,1,0
4.403357000,0,1,1,1,1,1,1,1
4.403512000,0,0,1,0,1,1,1,1
4.403513000,0,0,0,0,1,1,0,0
4.403539000,0,1,1,1,1,1,1,1
4.403695000,0,0,0,0,1,1,1,0
4.403696000,0,0,0,0,1,1,0,0
4.403747000,0,0,0,1,1,1,1,0
4.403748000,0,1,1,1,1,1,1,1
4.403773000,0,0,0,0,1,1,1,0
4.403774000,0,0,0,0,1,1,0,0
4.403799000,0,0,0,1,1,1,0,0
4.403800000,0,1,1,1,1,1,1,1
4.403981000,0,0,1,1,1,1,1,1
4.403982000,0,0,0,0,1,1,1,0
4.403983000,0,0,0,0,1,1,0,0
4.404060000,0,0,0,1,1,1,1,1
4.404061000,0,1,1,1,1,1,1,1
4.404086000,0,0,0,0,1,1,1,0
4.404087000,0,0,0,0,1,1,0,0
4.404112000,0,0,0,1,1,1,1,0
4.404113000,0,1,1,1,1,1,1,1
4.404164000,0,0,0,0,1,1,1,0
4.404165000,0,0,0,0,1,1,0,0
4.404242000,0,0,0,1,1,1,0,0
4.404243000,0,1,1,1,1,1,1,1
4.404268000,0,0,1,0,1,1,1,1
4.404269000,0,0,0,0,1,1,0,0
4.404321000,0,1,1,1,1,1,1,1
4.404346000,0,0,1,1,1,1,1,1
4.404347000,0,0,0,0,1,1,1,0
4.404348000,0,0,0,0,1,1,0,0
4.404373000,0,1,1,1,1,1,1,1
4.404451000,0,0,0,0,1,1,1,0
4.404452000,0,0,0,0,1,1,0,0
4.404477000,0,0,0,1,1,1,1,0
4.404478000,0,1,1,1,1,1,1,1
4.404503000,0,0,0,0,1,1,1,0
4.404504000,0,0,0,0,1,1,0,0
4.601713000,1,1,0,0,1,1,0,0
4.601739000,0,0,0,0,1,1,0,0
4.601895000,1,1,0,0,1,1,0,0
4.601947000,0,0,0,0,1,1,0,0
4.601999000,1,0,0,0,1,1,0,0
4.602000000,1,1,0,0,1,1,0,0
4.602025000,1,0,0,0,1,1,0,0
4.602026000,0,0,0,0,1,1,0,0
4.602077000,1,0,0,0,1,1,0,0
4.602078000,1,1,0,0,1,1,0,0
4.602234000,0,0,0,0,1,1,0,0
4.602286000,1,1,0,0,1,1,0,0
4.602338000,0,0,0,0,1,1,0,0
4.602364000,1,1,0,0,1,1,0,0
4.602416000,0,0,0,0,1,1,0,0
4.602442000,1,0,0,0,1,1,0,0
4.602443000,1,1,0,0,1,1,0,0
4.602520000,0,0,0,0,1,1,0,0
4.602573000,1,1,0,0,1,1,0,0
4.602599000,0,0,0,0,1,1,0,0
4.602651000,1,1,0,0,1,1,0,0
4.602807000,0,0,0,0,1,1,0,0
4.602860000,1,1,0,0,1,1,0,0
4.603094000,0,0,0,0,1,1,0,0
4.603146000,1,0,0,0,1,1,0,0
4.603147000,1,1,0,0,1,1,0,0
4.603173000,0,0,0,0,1,1,0,0
4.603199000,1,1,0,0,1,1,0,0
4.603381000,0,0,0,0,1,1,0,0
4.603433000,1,0,0,0,1,1,0,0
4.603434000,1,1,0,0,1,1,0,0
4.603459000,0,0,0,0,1,1,0,0
4.603485000,1,0,0,0,1,1,0,0
4.603486000,1,1,0,0,1,1,0,0
4.603511000,0,0,0,0,1,1,0,0
4.603537000,1,0,0,0,1,1,0,0
4.603538000,1,1,0,0,1,1,0,0
4.603564000,0,0,0,0,1,1,0,0
4.603642000,1,1,0,0,1,1,0,0
4.603668000,0,0,0,0,1,1,0,0
4.603720000,1,1,0,0,1,1,0,0
4.603798000,0,0,0,0,1,1,0,0
4.603850000,1,1,0,0,1,1,0,0
4.603876000,0,0,0,0,1,1,0,0
4.603902000,1,0,0,0,1,1,0,0
4.603903000,1,1,0,0,1,1,0,0
4.603928000,0,0,0,0,1,1,0,0
4.606425000,0,0,0,1,1,1,0,0
4.606426000,0,1,1,1,1,1,1,1
4.606451000,0,0,1,0,1,1,1,1
4.606452000,0,0,0,0,1,1,0,0
4.606608000,0,1,1,1,1,1,1,1
4.606660000,0,0,0,0,1,1,1,0
4.606661000,0,0,0,0,1,1,0,0
4.606686000,0,0,0,1,1,1,1,0
4.606687000,0,1,1,1,1,1,1,1
4.606712000,0,0,0,0,1,1,1,0
4.606713000,0,0,0,0,1,1,0,0
4.606764000,0,0,0,1,1,1,0,0
4.606765000,0,1,1,1,1,1,1,1
4.606921000,0,0,0,0,1,1,1,0
4.606922000,0,0,0,0,1,1,0,0
4.606947000,0,1,1,1,1,1,1,1
4.606999000,0,0,0,0,1,1,1,0
4.607000000,0,0,0,0,1,1,0,0
4.607025000,0,0,0,1,1,1,1,0
4.607026000,0,1,1,1,1,1,1,1
4.607181000,0,0,1,0,1,1,1,1
4.607182000,0,0,0,0,1,1,0,0
4.607208000,0,1,1,1,1,1,1,1
4.607364000,0,0,0,0,1,1,1,0
4.607365000,0,0,0,0,1,1,0,0
4.607416000,0,0,0,1,1,1,0,0
4.607417000,0,1,1,1,1,1,1,1
4.607442000,0,0,1,0,1,1,1,1
4.607443000,0,0,0,0,1,1,0,0
4.607468000,0,0,0,1,1,1,0,0
4.607469000,0,1,1,1,1,1,1,1
4.607651000,0,0,0,0,1,1,1,0
4.607652000,0,0,0,0,1,1,0,0
4.607729000,0,0,0,1,1,1,1,0
4.607730000,0,1,1,1,1,1,1,1
4.607755000,0,0,0,0,1,1,1,0
4.607756000,0,0,0,0,1,1,0,0
4.607781000,0,0,0,1,1,1,0,0
4.607782000,0,1,1,1,1,1,1,1
4.607833000,0,0,1,0,1,1,1,1
4.607834000,0,0,0,0,1,1,0,0
4.607912000,0,1,1,1,1,1,1,1
4.607937000,0,0,1,1,1,1,1,1
4.607938000,0,0,0,0,1,1,1,0
4.607939000,0,0,0,0,1,1,0,0
4.607990000,0,0,1,1,1,1,1,1
4.607991000,0,1,1,1,1,1,1,1
4.608016000,0,0,0,0,1,1,1,0
4.608017000,0,0,0,0,1,1,0,0
4.608042000,0,0,0,1,1,1,1,0
4.608043000,0,1,1,1,1,1,1,1
4.608120000,0,0,0,0,1,1,1,0
4.608121000,0,0,0,0,1,1,0,0
4.608146000,0,0,0,1,1,1,0,0
4.608147000,0,1,1,1,1,1,1,1
4.608172000,0,0,1,0,1,1,1,1
4.608173000,0,0,0,0,1,1,0,0
4.806154000,1,1,0,0,1,1,0,0
4.806180000,0,0,0,0,1,1,0,0
4.806336000,1,1,0,0,1,1,0,0
4.806388000,0,0,0,0,1,1,0,0
4.806440000,1,0,0,0,1,1,0,0
4.806441000,1,1,0,0,1,1,0,0
4.806466000,0,0,0,0,1,1,0,0
4.806518000,1,0,0,0,1,1,0,0
4.806519000,1,1,0,0,1,1,0,0
4.806675000,0,0,0,0,1,1,0,0
4.806727000,1,1,0,0,1,1,0,0
4.806779000,0,0,0,0,1,1,0,0
4.806805000,1,1,0,0,1,1,0,0
4.806857000,0,0,0,0,1,1,0,0
4.806883000,1,0,0,0,1,1,0,0
4.806884000,1,1,0,0,1,1,0,0
4.806961000,0,0,0,0,1,1,0,0
4.807014000,1,1,0,0,1,1,0,0
4.807092000,0,0,0,0,1,1,0,0
4.807118000,1,1,0,0,1,1,0,0
4.807248000,0,0,0,0,1,1,0,0
4.807301000,1,1,0,0,1,1,0,0
4.807535000,0,0,0,0,1,1,0,0
4.807587000,1,0,0,0,1,1,0,0
4.807588000,1,1,0,0,1,1,0,0
4.807613000,0,0,0,0,1,1,0,0
4.807639000,1,0,0,0,1,1,0,0
4.807640000,1,1,0,0,1,1,0,0
4.807822000,0,0,0,0,1,1,0,0
4.807874000,1,1,0,0,1,1,0,0
4.807952000,0,0,0,0,1,1,0,0
4.807978000,1,0,0,0,1,1,0,0
4.807979000,1,1,0,0,1,1,0,0
4.808056000,0,0,0,0,1,1,0,0
4.808161000,1,1,0,0,1,1,0,0
4.808187000,0,0,0,0,1,1,0,0
4.808213000,1,1,0,0,1,1,0,0
4.808239000,0,0,0,0,1,1,0,0
4.808291000,1,1,0,0,1,1,0,0
4.808317000,0,0,0,0,1,1,0,0
4.808369000,1,0,0,0,1,1,0,0
4.808370000,1,1,0,0,1,1,0,0
4.808395000,0,0,0,0,1,1,0,0
4.810620000,0,1,1,1,1,1,1,1
4.810645000,0,0,1,1,1,1,1,1
4.810646000,0,0,0,0,1,1,1,0
4.810647000,0,0,0,0,1,1,0,0
4.810802000,0,0,0,1,1,1,1,0
4.810803000,0,1,1,1,1,1,1,1
4.810854000,0,0,0,0,1,1,1,0
4.810855000,0,0,0,0,1,1,0,0
4.810880000,0,0,0,1,1,1,0,0
4.810881000,0,1,1,1,1,1,1,1
4.810906000,0,0,1,0,1,1,1,1
4.810907000,0,0,0,0,1,1,0,0
4.810959000,0,1,1,1,1,1,1,1
4.811115000,0,0,0,0,1,1,1,0
4.811116000,0,0,0,0,1,1,0,0
4.811141000,0,0,0,1,1,1,1,0
4.811142000,0,1,1,1,1,1,1,1
4.811193000,0,0,0,0,1,1,1,0
4.811194000,0,0,0,0,1,1,0,0
4.811219000,0,0,0,1,1,1,0,0
4.811220000,0,1,1,1,1,1,1,1
4.811376000,0,0,0,0,1,1,1,0
4.811377000,0,0,0,0,1,1,0,0
4.811402000,0,0,1,1,1,1,1,1
4.811403000,0,1,1,1,1,1,1,1
4.811558000,0,0,1,0,1,1,1,1
4.811559000,0,0,0,0,1,1,0,0
4.811611000,0,1,1,1,1,1,1,1
4.811636000,0,0,1,1,1,1,1,1
4.811637000,0,0,0,0,1,1,1,0
4.811638000,0,0,0,0,1,1,0,0
4.811663000,0,1,1,1,1,1,1,1
4.811845000,0,0,0,0,1,1,1,1
4.811846000,0,0,0,0,1,1,0,0
4.811924000,0,1,1,1,1,1,1,1
4.811949000,0,0,1,1,1,1,1,1
4.811950000,0,0,0,0,1,1,1,0
4.811951000,0,0,0,0,1,1,0,0
4.811976000,0,1,1,1,1,1,1,1
4.812028000,0,0,0,0,1,1,1,0
4.812029000,0,0,0,0,1,1,0,0
4.812106000,0,0,0,1,1,1,1,0
4.812107000,0,1,1,1,1,1,1,1
4.812132000,0,0,0,0,1,1,1,0
4.812133000,0,0,0,0,1,1,0,0
4.812184000,0,0,0,1,1,1,0,0
4.812185000,0,1,1,1,1,1,1,1
4.812210000,0,0,1,0,1,1,1,1
4.812211000,0,0,0,0,1,1,0,0
4.812237000,0,1,1,1,1,1,1,1
4.812314000,0,0,1,1,1,1,1,1
4.812315000,0,0,0,0,1,1,1,0
4.812316000,0,0,0,0,1,1,0,0
4.812341000,0,1,1,1,1,1,1,1
4.812367000,0,0,0,0,1,1,1,0
4.812368000,0,0,0,0,1,1,0,0
5.010171000,1,1,0,0,1,1,0,0
5.010197000,0,0,0,0,1,1,0,0
5.010353000,1,1,0,0,1,1,0,0
5.010405000,0,0,0,0,1,1,0,0
5.010457000,1,0,0,0,1,1,0,0
5.010458000,1,1,0,0,1,1,0,0
5.010483000,0,0,0,0,1,1,0,0
5.010535000,1,0,0,0,1,1,0,0
5.010536000,1,1,0,0,1,1,0,0
5.010692000,0,0,0,0,1,1,0,0
5.010744000,1,1,0,0,1,1,0,0
5.010796000,0,0,0,0,1,1,0,0
5.010822000,1,1,0,0,1,1,0,0
5.010874000,0,0,0,0,1,1,0,0
5.010900000,1,0,0,0,1,1,0,0
5.010901000,1,1,0,0,1,1,0,0
5.010978000,0,0,0,0,1,1,0,0
5.011031000,1,1,0,0,1,1,0,0
5.011057000,0,0,0,0,1,1,0,0
5.011083000,1,1,0,0,1,1,0,0
5.011109000,0,0,0,0,1,1,0,0
5.011135000,1,1,0,0,1,1,0,0
5.011265000,0,0,0,0,1,1,0,0
5.011317000,1,0,0,0,1,1,0,0
5.011318000,1,1,0,0,1,1,0,0
5.011552000,0,0,0,0,1,1,0,0
5.011604000,1,0,0,0,1,1,0,0
5.011605000,1,1,0,0,1,1,0,0
5.011630000,0,0,0,0,1,1,0,0
5.011656000,1,0,0,0,1,1,0,0
5.011657000,1,1,0,0,1,1,0,0
5.011838000,0,0,0,0,1,1,0,0
5.011891000,1,1,0,0,1,1,0,0
5.011917000,0,0,0,0,1,1,0,0
5.011943000,1,1,0,0,1,1,0,0
5.011969000,0,0,0,0,1,1,0,0
5.011995000,1,1,0,0,1,1,0,0
5.012021000,0,0,0,0,1,1,0,0
5.012047000,1,1,0,0,1,1,0,0
5.012099000,0,0,0,0,1,1,0,0
5.012177000,1,0,0,0,1,1,0,0
5.012178000,1,1,0,0,1,1,0,0
5.012204000,0,0,0,0,1,1,0,0
5.012229000,1,0,0,0,1,1,0,0
5.012230000,1,1,0,0,1,1,0,0
5.012256000,0,0,0,0,1,1,0,0
5.012308000,1,1,0,0,1,1,0,0
5.012334000,0,0,0,0,1,1,0,0
5.012360000,1,1,0,0,1,1,0,0
5.012386000,0,0,0,0,1,1,0,0
5.014849000,0,1,1,1,1,1,1,1
5.014874000,0,0,1,1,1,1,1,1
5.014875000,0,0,0,0,1,1,1,0
5.014876000,0,0,0,0,1,1,0,0
5.015031000,0,0,0,1,1,1,1,0
5.015032000,0,1,1,1,1,1,1,1
5.015083000,0,0,1,0,1,1,1,1
5.015084000,0,0,0,0,1,1,0,0
5.015109000,0,0,0,1,1,1,0,0
5.015110000,0,1,1,1,1,1,1,1
5.015135000,0,0,1,0,1,1,1,1
5.015136000,0,0,0,0,1,1,0,0
5.015188000,0,1,1,1,1,1,1,1
5.015344000,0,0,0,0,1,1,1,0
5.015345000,0,0,0,0,1,1,0,0
5.015370000,0,0,0,1,1,1,0,0
5.015371000,0,1,1,1,1,1,1,1
5.015422000,0,0,1,0,1,1,1,1
5.015423000,0,0,0,0,1,1,0,0
5.015449000,0,1,1,1,1,1,1,1
5.015605000,0,0,0,0,1,1,1,0
5.015606000,0,0,0,0,1,1,0,0
5.015631000,0,0,0,1,1,1,1,0
5.015632000,0,1,1,1,1,1,1,1
5.015787000,0,0,1,0,1,1,1,1
5.015788000,0,0,0,0,1,1,0,0
5.015840000,0,1,1,1,1,1,1,1
5.015865000,0,0,1,1,1,1,1,1
5.015866000,0,0,0,0,1,1,1,0
5.015867000,0,0,0,0,1,1,0,0
5.015892000,0,1,1,1,1,1,1,1
5.016074000,0,0,1,0,1,1,1,1
5.016075000,0,0,0,0,1,1,0,0
5.016153000,0,1,1,1,1,1,1,1
5.016178000,0,0,1,1,1,1,1,1
5.016179000,0,0,0,0,1,1,1,0
5.016180000,0,0,0,0,1,1,0,0
5.016205000,0,1,1,1,1,1,1,1
5.016257000,0,0,0,0,1,1,1,0
5.016258000,0,0,0,0,1,1,0,0
5.016335000,0,0,0,1,1,1,0,0
5.016336000,0,1,1,1,1,1,1,1
5.016361000,0,0,0,0,1,1,1,0
5.016362000,0,0,0,0,1,1,0,0
5.016413000,0,0,0,1,1,1,0,0
5.016414000,0,1,1,1,1,1,1,1
5.016439000,0,0,1,0,1,1,1,1
5.016440000,0,0,0,0,1,1,0,0
5.016466000,0,1,1,1,1,1,1,1
5.016544000,0,0,0,0,1,1,1,0
5.016545000,0,0,0,0,1,1,0,0
5.016570000,0,1,1,1,1,1,1,1
5.016596000,0,0,0,0,1,1,1,0
5.016597000,0,0,0,0,1,1,0,0
5.213769000,1,0,0,0,1,1,0,0
5.213770000,1,1,0,0,1,1,0,0
5.213796000,0,0,0,0,1,1,0,0
5.213952000,1,1,0,0,1,1,0,0
5.214004000,0,0,0,0,1,1,0,0
5.214056000,1,1,0,0,1,1,0,0
5.214082000,0,0,0,0,1,1,0,0
5.214134000,1,0,0,0,1,1,0,0
5.214135000,1,1,0,0,1,1,0,0
5.214290000,1,0,0,0,1,1,0,0
5.214291000,0,0,0,0,1,1,0,0
5.214343000,1,1,0,0,1,1,0,0
5.214395000,0,0,0,0,1,1,0,0
5.214421000,1,1,0,0,1,1,0,0
5.214473000,0,0,0,0,1,1,0,0
5.214499000,1,1,0,0,1,1,0,0
5.214577000,0,0,0,0,1,1,0,0
5.214630000,1,1,0,0,1,1,0,0
5.214682000,0,0,0,0,1,1,0,0
5.214734000,1,1,0,0,1,1,0,0
5.214864000,0,0,0,0,1,1,0,0
5.214916000,1,0,0,0,1,1,0,0
5.214917000,1,1,0,0,1,1,0,0
5.215151000,0,0,0,0,1,1,0,0
5.215203000,1,1,0,0,1,1,0,0
5.215229000,0,0,0,0,1,1,0,0
5.215255000,1,1,0,0,1,1,0,0
5.215437000,0,0,0,0,1,1,0,0
5.215490000,1,1,0,0,1,1,0,0
5.215516000,0,0,0,0,1,1,0,0
5.215542000,1,1,0,0,1,1,0,0
5.215568000,0,0,0,0,1,1,0,0
5.215594000,1,1,0,0,1,1,0,0
5.215646000,0,0,0,0,1,1,0,0
5.215698000,1,1,0,0,1,1,0,0
5.215724000,0,0,0,0,1,1,0,0
5.215776000,1,0,0,0,1,1,0,0
5.215777000,1,1,0,0,1,1,0,0
5.215803000,0,0,0,0,1,1,0,0
5.215828000,1,0,0,0,1,1,0,0
5.215829000,1,1,0,0,1,1,0,0
5.215855000,0,0,0,0,1,1,0,0
5.215907000,1,1,0,0,1,1,0,0
5.215933000,0,0,0,0,1,1,0,0
5.215959000,1,1,0,0,1,1,0,0
5.215985000,0,0,0,0,1,1,0,0
5.218062000,0,0,0,1,1,1,1,0
5.218063000,0,1,1,1,1,1,1,1
5.218088000,0,0,0,0,1,1,1,0
5.218089000,0,0,0,0,1,1,0,0
5.218245000,0,1,1,1,1,1,1,1
5.218296000,0,0,1,1,1,1,1,1
5.218297000,0,0,0,0,1,1,1,0
5.218298000,0,0,0,0,1,1,0,0
5.218323000,0,1,1,1,1,1,1,1
5.218349000,0,0,0,0,1,1,1,0
5.218350000,0,0,0,0,1,1,0,0
5.218401000,0,0,0,1,1,1,1,0
5.218402000,0,1,1,1,1,1,1,1
5.218557000,0,0,1,1,1,1,1,1
5.218558000,0,0,0,0,1,1,0,0
5.218584000,0,1,1,1,1,1,1,1
5.218636000,0,0,0,0,1,1,1,0
5.218637000,0,0,0,0,1,1,0,0
5.218662000,0,1,1,1,1,1,1,1
5.218818000,0,0,1,0,1,1,1,1
5.218819000,0,0,0,0,1,1,0,0
5.218844000,0,0,0,1,1,1,0,0
5.218845000,0,1,1,1,1,1,1,1
5.218870000,0,0,1,0,1,1,1,1
5.218871000,0,0,0,0,1,1,0,0
5.218897000,0,1,1,1,1,1,1,1
5.218975000,0,0,0,0,1,1,1,0
5.218976000,0,0,0,0,1,1,0,0
5.219053000,0,0,0,1,1,1,1,0
5.219054000,0,1,1,1,1,1,1,1
5.219079000,0,0,0,0,1,1,1,0
5.219080000,0,0,0,0,1,1,0,0
5.219105000,0,0,0,1,1,1,0,0
5.219106000,0,1,1,1,1,1,1,1
5.219314000,0,0,0,0,1,1,1,0
5.219315000,0,0,0,0,1,1,0,0
5.219366000,0,0,0,1,1,1,1,0
5.219367000,0,1,1,1,1,1,1,1
5.219444000,0,0,1,0,1,1,1,1
5.219445000,0,0,0,0,1,1,0,0
5.219470000,0,0,0,1,1,1,0,0
5.219471000,0,1,1,1,1,1,1,1
5.219496000,0,0,1,0,1,1,1,1
5.219497000,0,0,0,0,1,1,0,0
5.219549000,0,1,1,1,1,1,1,1
5.219574000,0,0,1,1,1,1,1,1
5.219575000,0,0,0,0,1,1,1,0
5.219576000,0,0,0,0,1,1,0,0
5.219627000,0,1,1,1,1,1,1,1
5.219653000,0,0,0,0,1,1,1,0
5.219654000,0,0,0,0,1,1,0,0
5.219679000,0,0,0,1,1,1,1,0
5.219680000,0,1,1,1,1,1,1,1
5.219757000,0,0,1,0,1,1,1,1
5.219758000,0,0,0,0,1,1,0,0
5.219836000,0,1,1,1,1,1,1,1
5.219861000,0,0,1,1,1,1,1,1
5.219862000,0,0,0,0,1,1,1,0
5.219863000,0,0,0,0,1,1,0,0
5.414208000,1,1,0,0,1,1,0,0
5.414234000,0,0,0,0,1,1,0,0
5.414390000,1,0,0,0,1,1,0,0
5.414391000,1,1,0,0,1,1,0,0
5.414442000,1,0,0,0,1,1,0,0
5.414443000,0,0,0,0,1,1,0,0
5.414495000,1,1,0,0,1,1,0,0
5.414521000,0,0,0,0,1,1,0,0
5.414573000,1,1,0,0,1,1,0,0
5.414729000,0,0,0,0,1,1,0,0
5.414781000,1,0,0,0,1,1,0,0
5.414782000,1,1,0,0,1,1,0,0
5.414834000,0,0,0,0,1,1,0,0
5.414860000,1,1,0,0,1,1,0,0
5.414912000,0,0,0,0,1,1,0,0
5.414938000,1,1,0,0,1,1,0,0
5.415016000,0,0,0,0,1,1,0,0
5.415068000,1,1,0,0,1,1,0,0
5.415094000,0,0,0,0,1,1,0,0
5.415172000,1,0,0,0,1,1,0,0
5.415173000,1,1,0,0,1,1,0,0
5.415302000,0,0,0,0,1,1,0,0
5.415355000,1,1,0,0,1,1,0,0
5.415589000,0,0,0,0,1,1,0,0
5.415642000,1,1,0,0,1,1,0,0
5.415668000,0,0,0,0,1,1,0,0
5.415694000,1,1,0,0,1,1,0,0
5.415876000,0,0,0,0,1,1,0,0
5.415928000,1,0,0,0,1,1,0,0
5.415929000,1,1,0,0,1,1,0,0
5.416006000,0,0,0,0,1,1,0,0
5.416032000,1,0,0,0,1,1,0,0
5.416033000,1,1,0,0,1,1,0,0
5.416059000,0,0,0,0,1,1,0,0
5.416110000,1,0,0,0,1,1,0,0
5.416111000,1,1,0,0,1,1,0,0
5.416163000,0,0,0,0,1,1,0,0
5.416215000,1,1,0,0,1,1,0,0
5.416241000,0,0,0,0,1,1,0,0
5.416267000,1,1,0,0,1,1,0,0
5.416293000,0,0,0,0,1,1,0,0
5.416345000,1,1,0,0,1,1,0,0
5.416371000,0,0,0,0,1,1,0,0
5.416423000,1,0,0,0,1,1,0,0
5.416424000,1,1,0,0,1,1,0,0
5.416449000,0,0,0,0,1,1,0,0
5.418759000,0,1,1,1,1,1,1,1
5.418784000,0,0,1,1,1,1,1,1
5.418785000,0,0,0,0,1,1,1,0
5.418786000,0,0,0,0,1,1,0,0
5.418941000,0,0,0,1,1,1,1,0
5.418942000,0,1,1,1,1,1,1,1
5.418993000,0,0,1,0,1,1,1,1
5.418994000,0,0,0,0,1,1,0,0
5.419019000,0,0,0,1,1,1,0,0
5.419020000,0,1,1,1,1,1,1,1
5.419045000,0,0,1,0,1,1,1,1
5.419046000,0,0,0,0,1,1,0,0
5.419098000,0,1,1,1,1,1,1,1
5.419254000,0,0,0,0,1,1,1,0
5.419255000,0,0,0,0,1,1,0,0
5.419280000,0,0,0,1,1,1,1,0
5.419281000,0,1,1,1,1,1,1,1
5.419332000,0,0,1,0,1,1,1,1
5.419333000,0,0,0,0,1,1,0,0
5.419358000,0,0,0,1,1,1,0,0
5.419359000,0,1,1,1,1,1,1,1
5.419515000,0,0,0,0,1,1,1,0
5.419516000,0,0,0,0,1,1,0,0
5.419541000,0,0,0,1,1,1,1,0
5.419542000,0,1,1,1,1,1,1,1
5.419567000,0,0,0,0,1,1,1,0
5.419568000,0,0,0,0,1,1,0,0
5.419593000,0,0,0,1,1,1,1,0
5.419594000,0,1,1,1,1,1,1,1
5.419671000,0,0,1,0,1,1,1,1
5.419672000,0,0,0,0,1,1,0,0
5.419750000,0,1,1,1,1,1,1,1
5.419775000,0,0,1,1,1,1,1,1
5.419776000,0,0,0,0,1,1,1,0
5.419777000,0,0,0,0,1,1,0,0
5.419802000,0,1,1,1,1,1,1,1
5.420010000,0,0,1,0,1,1,1,1
5.420011000,0,0,0,0,1,1,0,0
5.420063000,0,1,1,1,1,1,1,1
5.420141000,0,0,0,0,1,1,1,0
5.420142000,0,0,0,0,1,1,0,0
5.420167000,0,0,0,1,1,1,1,0
5.420168000,0,1,1,1,1,1,1,1
5.420193000,0,0,0,0,1,1,1,0
5.420194000,0,0,0,0,1,1,0,0
5.420245000,0,0,0,1,1,1,0,0
5.420246000,0,1,1,1,1,1,1,1
5.420271000,0,0,1,0,1,1,1,1
5.420272000,0,0,0,0,1,1,0,0
5.420324000,0,1,1,1,1,1,1,1
5.420349000,0,0,1,0,1,1,1,1
5.420350000,0,0,0,0,1,1,0,0
5.420376000,0,1,1,1,1,1,1,1
5.420454000,0,0,0,0,1,1,1,0
5.420455000,0,0,0,0,1,1,0,0
5.420532000,0,0,0,1,1,1,1,0
5.420533000,0,1,1,1,1,1,1,1
5.420558000,0,0,0,0,1,1,1,0
5.420559000,0,0,0,0,1,1,0,0
5.622228000,1,1,0,0,1,1,0,0
5.622254000,0,0,0,0,1,1,0,0
5.622410000,1,1,0,0,1,1,0,0
5.622462000,0,0,0,0,1,1,0,0
5.622514000,1,0,0,0,1,1,0,0
5.622515000,1,1,0,0,1,1,0,0
5.622541000,0,0,0,0,1,1,0,0
5.622592000,1,0,0,0,1,1,0,0
5.622593000,1,1,0,0,1,1,0,0
5.622749000,0,0,0,0,1,1,0,0
5.622801000,1,0,0,0,1,1,0,0
5.622802000,1,1,0,0,1,1,0,0
5.622853000,0,0,0,0,1,1,0,0
5.622879000,1,0,0,0,1,1,0,0
5.622880000,1,1,0,0,1,1,0,0
5.622931000,0,0,0,0,1,1,0,0
5.622957000,1,0,0,0,1,1,0,0
5.622958000,1,1,0,0,1,1,0,0
5.623036000,0,0,0,0,1,1,0,0
5.623088000,1,1,0,0,1,1,0,0
5.623192000,0,0,0,0,1,1,0,0
5.623218000,1,1,0,0,1,1,0,0
5.623322000,0,0,0,0,1,1,0,0
5.623375000,1,1,0,0,1,1,0,0
5.623609000,0,0,0,0,1,1,0,0
5.623661000,1,0,0,0,1,1,0,0
5.623662000,1,1,0,0,1,1,0,0
5.623687000,0,0,0,0,1,1,0,0
5.623713000,1,0,0,0,1,1,0,0
5.623714000,1,1,0,0,1,1,0,0
5.623896000,0,0,0,0,1,1,0,0
5.623948000,1,1,0,0,1,1,0,0
5.624026000,0,0,0,0,1,1,0,0
5.624052000,1,1,0,0,1,1,0,0
5.624182000,0,0,0,0,1,1,0,0
5.624235000,1,1,0,0,1,1,0,0
5.624287000,0,0,0,0,1,1,0,0
5.624365000,1,1,0,0,1,1,0,0
5.624391000,0,0,0,0,1,1,0,0
5.624443000,1,1,0,0,1,1,0,0
5.624469000,0,0,0,0,1,1,0,0
5.626961000,0,1,1,1,1,1,1,1
5.626986000,0,0,1,1,1,1,1,1
5.626987000,0,0,0,0,1,1,1,0
5.626988000,0,0,0,0,1,1,0,0
5.627143000,0,0,0,1,1,1,1,0
5.627144000,0,1,1,1,1,1,1,1
5.627195000,0,0,0,0,1,1,1,0
5.627196000,0,0,0,0,1,1,0,0
5.627221000,0,0,0,1,1,1,0,0
5.627222000,0,1,1,1,1,1,1,1
5.627247000,0,0,1,0,1,1,1,1
5.627248000,0,0,0,0,1,1,0,0
5.627300000,0,1,1,1,1,1,1,1
5.627456000,0,0,0,0,1,1,1,0
5.627457000,0,0,0,0,1,1,0,0
5.627482000,0,0,0,1,1,1,1,0
5.627483000,0,1,1,1,1,1,1,1
5.627534000,0,0,0,0,1,1,1,0
5.627535000,0,0,0,0,1,1,0,0
5.627560000,0,0,0,1,1,1,0,0
5.627561000,0,1,1,1,1,1,1,1
5.627716000,0,0,1,1,1,1,1,1
5.627717000,0,0,0,0,1,1,1,0
5.627718000,0,0,0,0,1,1,0,0
5.627743000,0,1,1,1,1,1,1,1
5.627769000,0,0,0,0,1,1,1,0
5.627770000,0,0,0,0,1,1,0,0
5.627795000,0,0,0,1,1,1,1,0
5.627796000,0,1,1,1,1,1,1,1
5.627873000,0,0,0,0,1,1,1,0
5.627874000,0,0,0,0,1,1,0,0
5.627951000,0,0,0,1,1,1,0,0
5.627952000,0,1,1,1,1,1,1,1
5.627977000,0,0,1,0,1,1,1,1
5.627978000,0,0,0,0,1,1,0,0
5.628004000,0,1,1,1,1,1,1,1
5.628212000,0,0,0,0,1,1,1,0
5.628213000,0,0,0,0,1,1,0,0
5.628264000,0,0,0,1,1,1,0,0
5.628265000,0,1,1,1,1,1,1,1
5.628342000,0,0,1,1,1,1,1,1
5.628343000,0,0,0,0,1,1,1,0
5.628344000,0,0,0,0,1,1,0,0
5.628369000,0,1,1,1,1,1,1,1
5.628395000,0,0,0,0,1,1,1,0
5.628396000,0,0,0,0,1,1,0,0
5.628447000,0,0,0,1,1,1,1,0
5.628448000,0,1,1,1,1,1,1,1
5.628473000,0,0,0,0,1,1,1,0
5.628474000,0,0,0,0,1,1,0,0
5.628525000,0,0,0,1,1,1,0,0
5.628526000,0,1,1,1,1,1,1,1
5.628551000,0,0,1,0,1,1,1,1
5.628552000,0,0,0,0,1,1,0,0
5.628577000,0,0,0,1,1,1,0,0
5.628578000,0,1,1,1,1,1,1,1
5.628655000,0,0,1,1,1,1,1,1
5.628656000,0,0,0,0,1,1,1,0
5.628657000,0,0,0,0,1,1,0,0
5.628734000,0,1,1,1,1,1,1,1
5.628760000,0,0,0,0,1,1,1,0
5.628761000,0,0,0,0,1,1,0,0
5.820246000,1,1,0,0,1,1,0,0
5.820272000,0,0,0,0,1,1,0,0
5.820428000,1,1,0,0,1,1,0,0
5.820480000,0,0,0,0,1,1,0,0
5.820533000,1,1,0,0,1,1,0,0
5.820559000,0,0,0,0,1,1,0,0
5.820611000,1,1,0,0,1,1,0,0
5.820767000,0,0,0,0,1,1,0,0
5.820819000,1,0,0,0,1,1,0,0
5.820820000,1,1,0,0,1,1,0,0
5.820871000,0,0,0,0,1,1,0,0
5.820897000,1,0,0,0,1,1,0,0
5.820898000,1,1,0,0,1,1,0,0
5.820950000,0,0,0,0,1,1,0,0
5.820975000,1,0,0,0,1,1,0,0
5.820976000,1,1,0,0,1,1,0,0
5.821054000,0,0,0,0,1,1,0,0
5.821106000,1,1,0,0,1,1,0,0
5.821132000,0,0,0,0,1,1,0,0
5.821158000,1,1,0,0,1,1,0,0
5.821210000,0,0,0,0,1,1,0,0
5.821236000,1,1,0,0,1,1,0,0
5.821340000,0,0,0,0,1,1,0,0
5.821393000,1,1,0,0,1,1,0,0
5.821627000,0,0,0,0,1,1,0,0
5.821679000,1,0,0,0,1,1,0,0
5.821680000,1,1,0,0,1,1,0,0
5.821705000,0,0,0,0,1,1,0,0
5.821731000,1,0,0,0,1,1,0,0
5.821732000,1,1,0,0,1,1,0,0
5.821914000,0,0,0,0,1,1,0,0
5.821966000,1,1,0,0,1,1,0,0
5.821992000,0,0,0,0,1,1,0,0
5.822018000,1,1,0,0,1,1,0,0
5.822044000,0,0,0,0,1,1,0,0
5.822070000,1,1,0,0,1,1,0,0
5.822096000,0,0,0,0,1,1,0,0
5.822122000,1,1,0,0,1,1,0,0
5.822148000,0,0,0,0,1,1,0,0
5.822174000,1,1,0,0,1,1,0,0
5.822200000,0,0,0,0,1,1,0,0
5.822253000,1,1,0,0,1,1,0,0
5.822305000,0,0,0,0,1,1,0,0
5.822383000,1,1,0,0,1,1,0,0
5.822409000,0,0,0,0,1,1,0,0
5.822435000,1,1,0,0,1,1,0,0
5.822461000,0,0,0,0,1,1,0,0
5.824661000,0,0,0,1,1,1,0,0
5.824662000,0,1,1,1,1,1,1,1
5.824687000,0,0,1,0,1,1,1,1
5.824688000,0,0,0,0,1,1,0,0
5.824844000,0,1,1,1,1,1,1,1
5.824896000,0,0,0,0,1,1,1,0
5.824897000,0,0,0,0,1,1,0,0
5.824922000,0,0,0,1,1,1,1,0
5.824923000,0,1,1,1,1,1,1,1
5.824948000,0,0,0,0,1,1,1,0
5.824949000,0,0,0,0,1,1,0,0
5.825000000,0,0,0,1,1,1,0,0
5.825001000,0,1,1,1,1,1,1,1
5.825156000,0,0,1,1,1,1,1,1
5.825157000,0,0,0,0,1,1,1,0
5.825158000,0,0,0,0,1,1,0,0
5.825183000,0,1,1,1,1,1,1,1
5.825235000,0,0,0,0,1,1,1,0
5.825236000,0,0,0,0,1,1,0,0
5.825261000,0,0,0,1,1,1,1,0
5.825262000,0,1,1,1,1,1,1,1
5.825417000,0,0,1,0,1,1,1,1
5.825418000,0,0,0,0,1,1,0,0
5.825444000,0,1,1,1,1,1,1,1
5.825600000,0,0,0,0,1,1,1,0
5.825601000,0,0,0,0,1,1,0,0
5.825652000,0,0,0,1,1,1,1,0
5.825653000,0,1,1,1,1,1,1,1
5.825678000,0,0,0,0,1,1,1,0
5.825679000,0,0,0,0,1,1,0,0
5.825704000,0,0,0,1,1,1,0,0
5.825705000,0,1,1,1,1,1,1,1
5.825886000,0,0,1,1,1,1,1,1
5.825887000,0,0,0,0,1,1,1,0
5.825888000,0,0,0,0,1,1,0,0
5.825965000,0,0,0,1,1,1,1,0
5.825966000,0,1,1,1,1,1,1,1
5.825991000,0,0,0,0,1,1,1,0
5.825992000,0,0,0,0,1,1,0,0
5.826017000,0,0,0,1,1,1,1,0
5.826018000,0,1,1,1,1,1,1,1
5.826069000,0,0,0,0,1,1,1,1
5.826070000,0,0,0,0,1,1,0,0
5.826148000,0,1,1,1,1,1,1,1
5.826173000,0,0,1,0,1,1,1,1
5.826174000,0,0,0,0,1,1,1,0
5.826175000,0,0,0,0,1,1,0,0
5.826226000,0,1,1,1,1,1,1,1
5.826252000,0,0,0,0,1,1,1,0
5.826253000,0,0,0,0,1,1,0,0
5.826278000,0,1,1,1,1,1,1,1
5.826356000,0,0,0,0,1,1,1,0
5.826357000,0,0,0,0,1,1,0,0
5.826382000,0,0,0,1,1,1,0,0
5.826383000,0,1,1,1,1,1,1,1
5.826408000,0,0,1,0,1,1,1,1
5.826409000,0,0,0,0,1,1,0,0
6.023845000,1,1,0,0,1,1,0,0
6.023871000,0,0,0,0,1,1,0,0
6.024027000,1,1,0,0,1,1,0,0
6.024079000,0,0,0,0,1,1,0,0
6.024132000,1,1,0,0,1,1,0,0
6.024158000,0,0,0,0,1,1,0,0
6.024210000,1,1,0,0,1,1,0,0
6.024366000,0,0,0,0,1,1,0,0
6.024418000,1,0,0,0,1,1,0,0
6.024419000,1,1,0,0,1,1,0,0
6.024471000,0,0,0,0,1,1,0,0
6.024497000,1,1,0,0,1,1,0,0
6.024549000,0,0,0,0,1,1,0,0
6.024575000,1,1,0,0,1,1,0,0
6.024653000,0,0,0,0,1,1,0,0
6.024705000,1,0,0,0,1,1,0,0
6.024706000,1,1,0,0,1,1,0,0
6.024757000,0,0,0,0,1,1,0,0
6.024783000,1,0,0,0,1,1,0,0
6.024784000,1,1,0,0,1,1,0,0
6.024809000,1,0,0,0,1,1,0,0
6.024810000,0,0,0,0,1,1,0,0
6.024835000,1,0,0,0,1,1,0,0
6.024836000,1,1,0,0,1,1,0,0
6.024940000,0,0,0,0,1,1,0,0
6.024992000,1,1,0,0,1,1,0,0
6.025226000,0,0,0,0,1,1,0,0
6.025279000,1,1,0,0,1,1,0,0
6.025305000,0,0,0,0,1,1,0,0
6.025331000,1,1,0,0,1,1,0,0
6.025513000,0,0,0,0,1,1,0,0
6.025566000,1,1,0,0,1,1,0,0
6.025592000,0,0,0,0,1,1,0,0
6.025618000,1,1,0,0,1,1,0,0
6.025644000,0,0,0,0,1,1,0,0
6.025670000,1,1,0,0,1,1,0,0
6.025722000,0,0,0,0,1,1,0,0
6.025748000,1,1,0,0,1,1,0,0
6.025774000,0,0,0,0,1,1,0,0
6.025853000,1,1,0,0,1,1,0,0
6.025905000,0,0,0,0,1,1,0,0
6.025983000,1,1,0,0,1,1,0,0
6.026009000,0,0,0,0,1,1,0,0
6.026035000,1,1,0,0,1,1,0,0
6.026061000,0,0,0,0,1,1,0,0
6.028336000,0,1,1,1,1,1,1,1
6.028362000,0,0,0,0,1,1,1,0
6.028363000,0,0,0,0,1,1,0,0
6.028518000,0,0,0,1,1,1,0,0
6.028519000,0,1,1,1,1,1,1,1
6.028570000,0,0,1,0,1,1,1,1
6.028571000,0,0,0,0,1,1,0,0
6.028597000,0,1,1,1,1,1,1,1
6.028622000,0,0,1,0,1,1,1,1
6.028623000,0,0,0,0,1,1,0,0
6.028675000,0,1,1,1,1,1,1,1
6.028831000,0,0,0,0,1,1,1,0
6.028832000,0,0,0,0,1,1,0,0
6.028857000,0,0,0,1,1,1,0,0
6.028858000,0,1,1,1,1,1,1,1
6.028909000,0,0,1,0,1,1,1,1
6.028910000,0,0,0,0,1,1,0,0
6.028935000,0,0,0,1,1,1,0,0
6.028936000,0,1,1,1,1,1,1,1
6.029092000,0,0,0,0,1,1,1,0
6.029093000,0,0,0,0,1,1,0,0
6.029118000,0,0,0,1,1,1,1,0
6.029119000,0,1,1,1,1,1,1,1
6.029274000,0,0,1,0,1,1,1,1
6.029275000,0,0,0,0,1,1,0,0
6.029327000,0,1,1,1,1,1,1,1
6.029352000,0,0,1,1,1,1,1,1
6.029353000,0,0,0,0,1,1,1,0
6.029354000,0,0,0,0,1,1,0,0
6.029379000,0,1,1,1,1,1,1,1
6.029561000,0,0,1,0,1,1,1,1
6.029562000,0,0,0,0,1,1,0,0
6.029640000,0,1,1,1,1,1,1,1
6.029665000,0,0,1,1,1,1,1,1
6.029666000,0,0,0,0,1,1,1,0
6.029667000,0,0,0,0,1,1,0,0
6.029692000,0,1,1,1,1,1,1,1
6.029744000,0,0,0,0,1,1,1,0
6.029745000,0,0,0,0,1,1,0,0
6.029822000,0,0,0,1,1,1,1,0
6.029823000,0,1,1,1,1,1,1,1
6.029848000,0,0,0,0,1,1,1,0
6.029849000,0,0,0,0,1,1,0,0
6.029900000,0,0,0,1,1,1,0,0
6.029901000,0,1,1,1,1,1,1,1
6.029926000,0,0,1,0,1,1,1,1
6.029927000,0,0,0,0,1,1,0,0
6.029953000,0,1,1,1,1,1,1,1
6.030031000,0,0,0,0,1,1,1,0
6.030032000,0,0,0,0,1,1,0,0
6.030057000,0,1,1,1,1,1,1,1
6.030083000,0,0,0,0,1,1,1,0
6.030084000,0,0,0,0,1,1,0,0
6.227864000,1,1,0,0,1,1,0,0
6.227890000,0,0,0,0,1,1,0,0
6.228046000,1,1,0,0,1,1,0,0
6.228098000,0,0,0,0,1,1,0,0
6.228150000,1,0,0,0,1,1,0,0
6.228151000,1,1,0,0,1,1,0,0
6.228177000,0,0,0,0,1,1,0,0
6.228229000,1,1,0,0,1,1,0,0
6.228385000,0,0,0,0,1,1,0,0
6.228437000,1,0,0,0,1,1,0,0
6.228438000,1,1,0,0,1,1,0,0
6.228489000,1,0,0,0,1,1,0,0
6.228490000,0,0,0,0,1,1,0,0
6.228515000,1,0,0,0,1,1,0,0
6.228516000,1,1,0,0,1,1,0,0
6.228568000,0,0,0,0,1,1,0,0
6.228594000,1,1,0,0,1,1,0,0
6.228672000,0,0,0,0,1,1,0,0
6.228724000,1,1,0,0,1,1,0,0
6.228750000,0,0,0,0,1,1,0,0
6.228802000,1,1,0,0,1,1,0,0
6.228828000,0,0,0,0,1,1,0,0
6.228854000,1,0,0,0,1,1,0,0
6.228855000,1,1,0,0,1,1,0,0
6.228958000,0,0,0,0,1,1,0,0
6.229011000,1,1,0,0,1,1,0,0
6.229245000,0,0,0,0,1,1,0,0
6.229297000,1,0,0,0,1,1,0,0
6.229298000,1,1,0,0,1,1,0,0
6.229324000,0,0,0,0,1,1,0,0
6.229349000,1,0,0,0,1,1,0,0
6.229350000,1,1,0,0,1,1,0,0
6.229532000,0,0,0,0,1,1,0,0
6.229584000,1,1,0,0,1,1,0,0
6.229662000,0,0,0,0,1,1,0,0
6.229688000,1,0,0,0,1,1,0,0
6.229689000,1,1,0,0,1,1,0,0
6.229714000,0,0,0,0,1,1,0,0
6.229871000,1,1,0,0,1,1,0,0
6.229923000,0,0,0,0,1,1,0,0
6.230001000,1,1,0,0,1,1,0,0
6.230027000,0,0,0,0,1,1,0,0
6.230079000,1,1,0,0,1,1,0,0
6.230105000,0,0,0,0,1,1,0,0
6.232522000,0,0,1,1,1,1,1,1
6.232523000,0,1,1,1,1,1,1,1
6.232548000,0,0,0,0,1,1,1,0
6.232549000,0,0,0,0,1,1,0,0
6.232705000,0,1,1,1,1,1,1,1
6.232756000,0,0,1,1,1,1,1,1
6.232757000,0,0,0,0,1,1,1,0
6.232758000,0,0,0,0,1,1,0,0
6.232783000,0,1,1,1,1,1,1,1
6.232808000,0,0,1,1,1,1,1,1
6.232809000,0,0,0,0,1,1,1,0
6.232810000,0,0,0,0,1,1,0,0
6.232861000,0,0,1,1,1,1,1,1
6.232862000,0,1,1,1,1,1,1,1
6.233017000,0,0,1,0,1,1,1,1
6.233018000,0,0,0,0,1,1,0,0
6.233044000,0,1,1,1,1,1,1,1
6.233095000,0,0,1,1,1,1,1,1
6.233096000,0,0,0,0,1,1,1,0
6.233097000,0,0,0,0,1,1,0,0
6.233122000,0,1,1,1,1,1,1,1
6.233278000,0,0,0,0,1,1,1,0
6.233279000,0,0,0,0,1,1,0,0
6.233304000,0,0,0,1,1,1,0,0
6.233305000,0,1,1,1,1,1,1,1
6.233460000,0,0,1,1,1,1,1,1
6.233461000,0,0,0,0,1,1,1,0
6.233462000,0,0,0,0,1,1,0,0
6.233513000,0,1,1,1,1,1,1,1
6.233539000,0,0,0,0,1,1,1,0
6.233540000,0,0,0,0,1,1,0,0
6.233565000,0,0,0,1,1,1,1,0
6.233566000,0,1,1,1,1,1,1,1
6.233747000,0,0,1,0,1,1,1,1
6.233748000,0,0,0,0,1,1,0,0
6.233826000,0,1,1,1,1,1,1,1
6.233852000,0,0,0,0,1,1,1,0
6.233853000,0,0,0,0,1,1,0,0
6.233878000,0,0,1,1,1,1,1,1
6.233879000,0,1,1,1,1,1,1,1
6.233930000,0,0,0,0,1,1,1,0
6.233931000,0,0,0,0,1,1,0,0
6.234008000,0,0,0,1,1,1,0,0
6.234009000,0,1,1,1,1,1,1,1
6.234034000,0,0,1,0,1,1,1,1
6.234035000,0,0,0,0,1,1,0,0
6.234087000,0,1,1,1,1,1,1,1
6.234112000,0,0,1,1,1,1,1,1
6.234113000,0,0,0,0,1,1,1,0
6.234114000,0,0,0,0,1,1,0,0
6.234139000,0,1,1,1,1,1,1,1
6.234217000,0,0,0,0,1,1,1,0
6.234218000,0,0,0,0,1,1,0,0
6.234243000,0,0,0,1,1,1,1,0
6.234244000,0,1,1,1,1,1,1,1
6.234269000,0,0,0,0,1,1,1,0
6.234270000,0,0,0,0,1,1,0,0
6.430883000,1,1,0,0,1,1,0,0
6.430909000,0,0,0,0,1,1,0,0
6.431065000,1,1,0,0,1,1,0,0
6.431117000,0,0,0,0,1,1,0,0
6.431169000,1,0,0,0,1,1,0,0
6.431170000,1,1,0,0,1,1,0,0
6.431196000,0,0,0,0,1,1,0,0
6.431248000,1,1,0,0,1,1,0,0
6.431404000,0,0,0,0,1,1,0,0
6.431456000,1,0,0,0,1,1,0,0
6.431457000,1,1,0,0,1,1,0,0
6.431508000,0,0,0,0,1,1,0,0
6.431534000,1,0,0,0,1,1,0,0
6.431535000,1,1,0,0,1,1,0,0
6.431586000,0,0,0,0,1,1,0,0
6.431612000,1,0,0,0,1,1,0,0
6.431613000,1,1,0,0,1,1,0,0
6.431691000,0,0,0,0,1,1,0,0
6.431743000,1,1,0,0,1,1,0,0
6.431821000,0,0,0,0,1,1,0,0
6.431873000,1,1,0,0,1,1,0,0
6.431977000,0,0,0,0,1,1,0,0
6.432030000,1,1,0,0,1,1,0,0
6.432264000,0,0,0,0,1,1,0,0
6.432316000,1,0,0,0,1,1,0,0
6.432317000,1,1,0,0,1,1,0,0
6.432343000,0,0,0,0,1,1,0,0
6.432369000,1,1,0,0,1,1,0,0
6.432551000,0,0,0,0,1,1,0,0
6.432603000,1,0,0,0,1,1,0,0
6.432604000,1,1,0,0,1,1,0,0
6.432629000,0,0,0,0,1,1,0,0
6.432655000,1,0,0,0,1,1,0,0
6.432656000,1,1,0,0,1,1,0,0
6.432681000,0,0,0,0,1,1,0,0
6.432707000,1,0,0,0,1,1,0,0
6.432708000,1,1,0,0,1,1,0,0
6.432786000,0,0,0,0,1,1,0,0
6.432811000,1,0,0,0,1,1,0,0
6.432812000,1,1,0,0,1,1,0,0
6.432838000,0,0,0,0,1,1,0,0
6.432890000,1,1,0,0,1,1,0,0
6.432916000,0,0,0,0,1,1,0,0
6.433020000,1,1,0,0,1,1,0,0
6.433046000,0,0,0,0,1,1,0,0
6.433072000,1,1,0,0,1,1,0,0
6.433098000,0,0,0,0,1,1,0,0
6.435253000,0,0,0,1,1,1,0,0
6.435254000,0,1,1,1,1,1,1,1
6.435279000,0,0,1,0,1,1,1,1
6.435280000,0,0,0,0,1,1,0,0
6.435436000,0,1,1,1,1,1,1,1
6.435488000,0,0,0,0,1,1,1,0
6.435489000,0,0,0,0,1,1,0,0
6.435514000,0,0,0,1,1,1,1,0
6.435515000,0,1,1,1,1,1,1,1
6.435540000,0,0,0,0,1,1,1,0
6.435541000,0,0,0,0,1,1,0,0
6.435592000,0,0,0,1,1,1,0,0
6.435593000,0,1,1,1,1,1,1,1
6.435748000,0,0,1,1,1,1,1,1
6.435749000,0,0,0,0,1,1,1,0
6.435750000,0,0,0,0,1,1,0,0
6.435775000,0,1,1,1,1,1,1,1
6.435827000,0,0,0,0,1,1,1,0
6.435828000,0,0,0,0,1,1,0,0
6.435853000,0,0,0,1,1,1,1,0
6.435854000,0,1,1,1,1,1,1,1
6.436009000,0,0,1,0,1,1,1,1
6.436010000,0,0,0,0,1,1,0,0
6.436036000,0,1,1,1,1,1,1,1
6.436192000,0,0,0,0,1,1,1,0
6.436193000,0,0,0,0,1,1,0,0
6.436244000,0,0,0,1,1,1,1,0
6.436245000,0,1,1,1,1,1,1,1
6.436270000,0,0,0,0,1,1,1,0
6.436271000,0,0,0,0,1,1,0,0
6.436296000,0,0,0,1,1,1,0,0
6.436297000,0,1,1,1,1,1,1,1
6.436479000,0,0,0,0,1,1,1,0
6.436480000,0,0,0,0,1,1,0,0
6.436557000,0,0,0,1,1,1,1,0
6.436558000,0,1,1,1,1,1,1,1
6.436583000,0,0,0,0,1,1,1,0
6.436584000,0,0,0,0,1,1,0,0
6.436609000,0,0,0,1,1,1,0,0
6.436610000,0,1,1,1,1,1,1,1
6.436661000,0,0,1,0,1,1,1,1
6.436662000,0,0,0,0,1,1,0,0
6.436740000,0,1,1,1,1,1,1,1
6.436765000,0,0,1,1,1,1,1,1
6.436766000,0,0,0,0,1,1,1,0
6.436767000,0,0,0,0,1,1,0,0
6.436818000,0,0,1,1,1,1,1,1
6.436819000,0,1,1,1,1,1,1,1
6.436844000,0,0,0,0,1,1,1,0
6.436845000,0,0,0,0,1,1,0,0
6.436870000,0,0,0,1,1,1,1,0
6.436871000,0,1,1,1,1,1,1,1
6.436948000,0,0,1,0,1,1,1,1
6.436949000,0,0,0,0,1,1,0,0
6.436974000,0,0,0,1,1,1,0,0
6.436975000,0,1,1,1,1,1,1,1
6.437000000,0,0,1,0,1,1,1,1
6.437001000,0,0,0,0,1,1,0,0
7.475200000,0,0,0,0,1,1,0,0
